cohort,buyers,revenue,AOV
Feb,308,47847.61,48.67508646998983
Jan,328,50491.77,48.45659309021113
Mar,296,48007.12,49.2380717948718
