cohort,Feb,Jan,Mar
Feb,0.37423312883435583,0.31901840490797545,0.3067484662576687
Jan,0.323943661971831,0.3323943661971831,0.3436619718309859
Mar,0.322884012539185,0.335423197492163,0.34169278996865204
